{"cameraMode":{"drawMode":0,"name":"Shaded","section":"Shading Mode"},"sceneLighting":true,"audioPlay":false,"sceneViewState":{"showFog":true,"showMaterialUpdate":false,"showSkybox":true,"showFlares":true,"showImageEffects":true,"showParticleSystems":true,"showVisualEffectGraphs":true},"in2DMode":false,"pivot":{"x":-56.04873275756836,"y":3.2892377376556398,"z":-6.0495381355285648},"rotation":{"x":-0.01841273158788681,"y":0.700272798538208,"z":-0.018083451315760614,"w":-0.7134237885475159},"size":41.057315826416019,"orthographic":false}